pos	error_est
1	44.02
2	43.51
3	42.35
4	42.3
5	41.44
6	41.21
7	40.67
8	40.66
9	39.75
10	39.83
11	39.03
12	39.29
13	39.16
14	40.06
15	40.66
16	41.97
17	43.06
18	44.31
19	45.1
20	45.45
21	46.44
22	45.45
23	46.03
24	45.26
25	44.42
26	42.24
27	41.53
28	39.81
29	39.62
30	38.14
31	37.59
32	36.05
33	35.28
34	33.54
35	33.5
36	32.2
37	32.32
38	31.5
39	31.86
40	31.19
41	31.69
42	31.04
43	31.38
44	31
45	32.02
46	31.15
47	32.95
48	32.29
49	33.64
50	35.66
51	35.03
52	34.42
53	34.58
54	34.55
55	33.89
56	34.05
57	34.57
58	34.35
59	32.88
60	32.48
61	32.51
62	32.68
63	32.13
64	32.16
65	32.27
66	32.63
67	32.53
68	32.5
69	33.38
70	34.36
71	34.32
72	34.85
73	34.94
74	34.71
75	33.86
76	34.98
77	35.62
78	36.33
79	36.76
80	38.17
81	38.01
82	38.77
83	38.1
84	37.14
85	37.56
86	37.3
87	36.29
88	35.27
89	36.64
90	36.91
91	35.83
92	35.83
93	34.14
94	32.55
95	30.56
96	29.35
97	29.25
98	29.62
99	27.88
100	27.28
101	28.03
102	28.37
103	27.01
104	27.35
105	28.66
106	28.26
107	27.29
108	28.31
109	29.19
110	30.34
111	30.64
112	31.63
113	30.86
114	28.53
115	27.55
116	26.59
117	25.63
118	24.56
119	23.97
120	23.2
121	22.78
122	22.34
123	22.32
124	22.12
125	22.09
126	20.16
127	18.96
128	17.95
129	18.21
130	17.72
131	16.1
132	14.27
133	14.5
134	13.66
135	12.39
136	13
137	13.52
138	12.64
139	12.92
140	14.05
141	14.42
142	14.23
143	15.61
144	17.27
145	18.16
146	18.78
147	16.11
148	14.47
149	15.81
150	15.7
151	12.92
152	13.48
153	15.59
154	14.53
155	13.01
156	15.01
157	16.72
158	15.84
159	15.92
160	16.95
161	16.39
162	15.73
163	14.74
164	14.78
165	14.78
166	15.16
167	13.22
168	13.33
169	11.49
170	10.4
171	10.33
172	10.89
173	10.3
174	9.73
175	10.98
176	11.42
177	10.24
178	11.14
179	12.91
180	12.51
181	11.77
182	13.81
183	14.76
184	13.67
185	13.21
186	11.85
187	12.52
188	12.1
189	10.48
190	10.42
191	11.2
192	10.4
193	9.34
194	10.45
195	11.23
196	10.17
197	10.56
198	12.23
199	12.33
200	11.63
201	12.19
202	13.08
203	11.74
204	12.19
205	10.82
206	10.52
207	11.38
208	10.77
209	9.63
210	10.29
211	11.03
212	10.63
213	10.62
214	11
215	11.49
216	11.27
217	11.7
218	12.68
219	13.14
220	13.09
221	14.04
222	15.1
223	15.43
224	15.95
225	17.92
226	18.81
227	17.24
228	17.63
229	19.53
230	18.65
231	18.12
232	17.18
233	16.29
234	16.37
235	15.15
236	13.98
237	13.97
238	14.07
239	12.74
240	12.09
241	12.77
242	12.69
243	11.61
244	11.93
245	12.85
246	12.58
247	11.71
248	11.97
249	12.37
250	11.52
251	11.5
252	11.04
253	10.89
254	10.49
255	10.67
256	11.31
257	11.14
258	10.52
259	11.32
260	11.92
261	11.35
262	11.29
263	12.7
264	13.31
265	12.64
266	13.27
267	14.56
268	14.47
269	14.66
270	14.18
271	14.85
272	13.93
273	12.78
274	13.03
275	13.47
276	12.2
277	11.37
278	12.36
279	12.14
280	10.73
281	10.94
282	12.05
283	11.26
284	10.61
285	11.18
286	10.99
287	9.93
288	8.8
289	9.13
290	9.41
291	8.53
292	8.43
293	9.52
294	9.54
295	8.52
296	9.52
297	10.77
298	10.28
299	10.05
300	11.94
301	12.71
302	11.83
303	12.76
304	14.64
305	14.46
306	14.47
307	12.74
308	13.58
309	13.43
310	11.49
311	10.92
312	11.98
313	10.97
314	9.18
315	9.75
316	10.63
317	9.2
318	8.26
319	9.59
320	9.48
321	8.09
322	8.32
323	8.31
324	7.54
325	7.94
326	7.68
327	7.27
328	6.6
329	7.47
330	8.11
331	7.46
332	7.37
333	8.78
334	9.13
335	8.24
336	8.92
337	10.56
338	10.32
339	9.34
340	10.73
341	11.81
342	10.94
343	10.79
344	9.6
345	10.17
346	9.96
347	8.44
348	8.02
349	8.64
350	7.83
351	6.96
352	7.51
353	7.7
354	7
355	7.52
356	8.45
357	8.01
358	8.28
359	9.5
360	10.18
361	10.42
362	9.31
363	10.14
364	8.6
365	7.79
366	8.19
367	7.94
368	6.79
369	6.73
370	6.99
371	6.75
372	6.57
373	6.75
374	6.97
375	7.41
376	7.72
377	7.64
378	8.55
379	9.5
380	9.27
381	9.13
382	8.48
383	9.58
384	8.91
385	7.65
386	8.43
387	9.15
388	7.97
389	8.08
390	9.6
391	9.48
392	8.87
393	10.31
394	11.48
395	11.05
396	11.22
397	13.31
398	14.77
399	15.25
400	12.91
401	12.75
402	11.17
403	11.66
404	12.43
405	10.56
406	9.35
407	10.63
408	10.24
409	8.51
410	8.85
411	9.84
412	8.72
413	8.18
414	9.48
415	9.54
416	8.93
417	9.77
418	10.94
419	11.48
420	11.78
421	13.29
422	12.3
423	11.13
424	12.7
425	13.65
426	12.28
427	12.34
428	14.48
429	14.48
430	13.54
431	15.16
432	16.89
433	16.38
434	16.04
435	17.4
436	17.08
437	15.48
438	16.19
439	15.31
440	14.79
441	15.33
442	14.83
443	13.79
444	13.82
445	14.47
446	14.27
447	13.74
448	14.4
449	15.41
450	15.36
451	15.15
452	16.46
453	17.62
454	17.47
455	17.47
456	17.44
457	18.15
458	17.69
459	17.08
460	17.08
461	16.44
462	15.53
463	15.37
464	15.51
465	15.02
466	14.13
467	14.5
468	14.9
469	14.18
470	13.71
471	14.69
472	15.18
473	14.22
474	13.98
475	14.57
476	14.58
477	13.56
478	12.76
479	12.34
480	12.25
481	11.94
482	11.6
483	11.62
484	12.09
485	11.89
486	11.92
487	12.79
488	13.37
489	13.48
490	14.04
491	15.34
492	15.97
493	16.12
494	17.39
495	18.63
496	18.91
497	18.09
498	17.56
499	17.78
500	15.96
501	15.08
502	15.56
503	14.91
504	13.22
505	13.35
506	13.94
507	12.65
508	12.05
509	13.15
510	13.48
511	12.56
512	13.01
513	13.32
514	14.47
515	15.61
516	15.31
517	16.36
518	15.56
519	14.62
520	14.85
521	15.01
522	14.26
523	13.98
524	14.73
525	14.63
526	13.86
527	14.24
528	14.81
529	14.36
530	13.87
531	14.55
532	14.8
533	14.35
534	14.27
535	14.81
536	15.28
537	15.91
538	16.97
539	16.49
540	16.04
541	17.51
542	17.9
543	16.53
544	16.95
545	18.44
546	17.86
547	16.65
548	17.86
549	19.07
550	17.94
551	18.15
552	17.46
553	16.22
554	15.75
555	15.71
556	14.27
557	13.4
558	14.17
559	13.79
560	12.49
561	13.11
562	14
563	13.27
564	13.27
565	14.93
566	15.22
567	14.67
568	15.96
569	17.55
570	17.31
571	16.96
572	16.14
573	17.24
574	16.58
575	14.86
576	15.56
577	16.72
578	15.48
579	14.95
580	17.01
581	17.51
582	16.05
583	16.79
584	18.63
585	17.7
586	17.29
587	15.06
588	14.26
589	12.96
590	13.62
591	14.51
592	13.49
593	13.12
594	14.53
595	14.85
596	14.13
597	14.85
598	16.32
599	16.62
600	16.79
601	17.83
602	19.12
603	18.91
604	18.97
605	20.47
606	18.89
607	17.12
608	18.58
609	19.51
610	17.38
611	16.65
612	18.78
613	18.69
614	16.68
615	17.48
616	19.24
617	17.99
618	16.9
619	18.48
620	18.69
621	17.49
622	16.76
623	16.24
624	15.42
625	14.83
626	16.1
627	16.59
628	15.67
629	16.24
630	17.74
631	17.51
632	17.14
633	18.42
634	19.59
635	19.44
636	19.66
637	21.17
638	22.15
639	22.07
640	22.84
641	24.46
642	24.12
643	24.54
644	25.37
645	23.43
646	22.05
647	23.31
648	23.16
649	20.87
650	21.02
651	22.42
652	21
653	19.47
654	21.01
655	21.44
656	19.57
657	19.32
658	18.48
659	18.81
660	18.49
661	19.23
662	18.27
663	19.06
664	19.98
665	19.15
666	19.08
667	20.58
668	20.68
669	19.94
670	21.12
671	22.27
672	21.84
673	21.34
674	22.91
675	23.67
676	22.86
677	22.84
678	21.41
679	21.8
680	20.95
681	20.34
682	21.36
683	21.85
684	20.84
685	19.51
686	18.53
687	17.68
688	16.64
689	16.89
690	15.38
691	14.85
692	15.29
693	16.22
694	15.77
695	15.7
696	17.07
697	16.11
698	15.88
699	16.97
700	17.34
701	19.01
702	19.63
703	18.03
704	17.95
705	19.79
706	19.66
707	18.54
708	19.8
709	21.63
710	21.77
711	22.27
712	23.94
713	25.09
714	25.69
715	26.99
716	28.86
717	29.66
718	29.52
719	29.21
720	29.91
721	28.97
722	28.22
723	27.94
724	27.91
725	27.12
726	26.58
727	26.45
728	26.32
729	25.89
730	25.37
731	25.53
732	25.69
733	25.16
734	23.86
735	24.24
736	23.43
737	21.83
738	21.86
739	20.85
740	20.28
741	19.72
742	21.11
743	20.94
744	21.07
745	21.49
746	21.89
747	22.67
748	22.94
749	22.75
750	23.98
751	24.99
752	25
753	26.04
754	27.32
755	28.28
756	29.9
757	31.53
758	32.37
759	33.24
760	34.13
761	34.89
762	33.36
763	32.1
764	32.99
765	33.5
766	32.27
767	32.23
768	33.75
769	33.56
770	33.29
771	34.72
772	35.02
773	36.83
774	38.77
775	38.98
776	39.8
777	42.37
778	43.95
779	44.09
780	46.18
781	48.78
782	51.1
783	53.73
784	56.1
785	57.89
786	60.35
787	61.52
788	63.86
	
	
	
	
	
	
	
	
	
	
	
	
	
	
	
	
	
	
	
	
	
	
	
	
	
	
	
	
	
	
	
	
	
	
	
	
	
	
	
	
	
	
	
	
	
	
	
	
	
	
	
	
	
	
	
	
	
	
	
	
	
	
	
	
	
	
	
	
	
	
	
	
	
	
	
	
	
	
	
	
	
	
	
	
	
	
	
	
	
	
	
	
	
	
	
	
	
	
	
	
	
	
	
	
	
	
	
	
	
	
	
	
	
	
	
	
	
	
	
	
	
	
	
	
	
	
	
	
	
	
	
	
	
	
	
	
	
	
	
	
	
	
	
	
	
	
	
	
	
	
	
	
	
	
	
	
	
	
	
	
	
	
	
	
	
	
	
	
	
	
	
	
	
	
	
	
	
	
	
	
	
	
	
	
	
	
	
	
	
	
	
	
	
	
	
	
	
	
	
	
	
	
	
	
	
	
	
	
	
	
	
	